"public static Result method1" "() { return ok(); }"
"public static Result method2" "() { return ok(); }"
"public static Result method3" "() { return ok(); }"
"public static Result method4" "() { return ok(); }"
"public static Result method5" "() { return ok(); }"
"public static Result method6" "() { return ok(); }"
"public static Result method7" "() { return ok(); }"
"public static Result method8" "() { return ok(); }"
"public static Result method9" "() { return ok(); }"
"public static Result method10" "() { return ok(); }"
"public static Result method11" "() { return ok(); }"
"public static Result method12" "() { return ok(); }"
"public static Result method13" "() { return ok(); }"
"public static Result method14" "() { return ok(); }"
"public static Result method15" "() { return ok(); }"
"public static Result method16" "() { return ok(); }"
"public static Result method17" "() { return ok(); }"
"public static Result method18" "() { return ok(); }"
"public static Result method19" "() { return ok(); }"
"public static Result method20" "() { return ok(); }"
"public static Result method21" "() { return ok(); }"
"public static Result method22" "() { return ok(); }"
"public static Result method23" "() { return ok(); }"
"public static Result method24" "() { return ok(); }"
"public static Result method25" "() { return ok(); }"
"public static Result method26" "() { return ok(); }"
"public static Result method27" "() { return ok(); }"
"public static Result method28" "() { return ok(); }"
"public static Result method29" "() { return ok(); }"
"public static Result method30" "() { return ok(); }"
"public static Result method31" "() { return ok(); }"
"public static Result method32" "() { return ok(); }"
"public static Result method33" "() { return ok(); }"
"public static Result method34" "() { return ok(); }"
"public static Result method35" "() { return ok(); }"
"public static Result method36" "() { return ok(); }"
"public static Result method37" "() { return ok(); }"
"public static Result method38" "() { return ok(); }"
"public static Result method39" "() { return ok(); }"
"public static Result method40" "() { return ok(); }"
"public static Result method41" "() { return ok(); }"
"public static Result method42" "() { return ok(); }"
"public static Result method43" "() { return ok(); }"
"public static Result method44" "() { return ok(); }"
"public static Result method45" "() { return ok(); }"
"public static Result method46" "() { return ok(); }"
"public static Result method47" "() { return ok(); }"
"public static Result method48" "() { return ok(); }"
"public static Result method49" "() { return ok(); }"
"public static Result method50" "() { return ok(); }"
"public static Result method51" "() { return ok(); }"
"public static Result method52" "() { return ok(); }"
"public static Result method53" "() { return ok(); }"
"public static Result method54" "() { return ok(); }"
"public static Result method55" "() { return ok(); }"
"public static Result method56" "() { return ok(); }"
"public static Result method57" "() { return ok(); }"
"public static Result method58" "() { return ok(); }"
"public static Result method59" "() { return ok(); }"
"public static Result method60" "() { return ok(); }"
"public static Result method61" "() { return ok(); }"
"public static Result method62" "() { return ok(); }"
"public static Result method63" "() { return ok(); }"
"public static Result method64" "() { return ok(); }"
"public static Result method65" "() { return ok(); }"
"public static Result method66" "() { return ok(); }"
"public static Result method67" "() { return ok(); }"
"public static Result method68" "() { return ok(); }"
"public static Result method69" "() { return ok(); }"
"public static Result method70" "() { return ok(); }"
"public static Result method71" "() { return ok(); }"
"public static Result method72" "() { return ok(); }"
"public static Result method73" "() { return ok(); }"
"public static Result method74" "() { return ok(); }"
"public static Result method75" "() { return ok(); }"
"public static Result method76" "() { return ok(); }"
"public static Result method77" "() { return ok(); }"
"public static Result method78" "() { return ok(); }"
"public static Result method79" "() { return ok(); }"
"public static Result method80" "() { return ok(); }"
"public static Result method81" "() { return ok(); }"
"public static Result method82" "() { return ok(); }"
"public static Result method83" "() { return ok(); }"
"public static Result method84" "() { return ok(); }"
"public static Result method85" "() { return ok(); }"
"public static Result method86" "() { return ok(); }"
"public static Result method87" "() { return ok(); }"
"public static Result method88" "() { return ok(); }"
"public static Result method89" "() { return ok(); }"
"public static Result method90" "() { return ok(); }"
"public static Result method91" "() { return ok(); }"
"public static Result method92" "() { return ok(); }"
"public static Result method93" "() { return ok(); }"
"public static Result method94" "() { return ok(); }"
"public static Result method95" "() { return ok(); }"
"public static Result method96" "() { return ok(); }"
"public static Result method97" "() { return ok(); }"
"public static Result method98" "() { return ok(); }"
"public static Result method99" "() { return ok(); }"
"public static Result method100" "() { return ok(); }"
"public static Result method101" "() { return ok(); }"
"public static Result method102" "() { return ok(); }"
"public static Result method103" "() { return ok(); }"
"public static Result method104" "() { return ok(); }"
"public static Result method105" "() { return ok(); }"
"public static Result method106" "() { return ok(); }"
"public static Result method107" "() { return ok(); }"
"public static Result method108" "() { return ok(); }"
"public static Result method109" "() { return ok(); }"
"public static Result method110" "() { return ok(); }"
"public static Result method111" "() { return ok(); }"
"public static Result method112" "() { return ok(); }"
"public static Result method113" "() { return ok(); }"
"public static Result method114" "() { return ok(); }"
"public static Result method115" "() { return ok(); }"
"public static Result method116" "() { return ok(); }"
"public static Result method117" "() { return ok(); }"
"public static Result method118" "() { return ok(); }"
"public static Result method119" "() { return ok(); }"
"public static Result method120" "() { return ok(); }"
"public static Result method121" "() { return ok(); }"
"public static Result method122" "() { return ok(); }"
"public static Result method123" "() { return ok(); }"
"public static Result method124" "() { return ok(); }"
"public static Result method125" "() { return ok(); }"
"public static Result method126" "() { return ok(); }"
"public static Result method127" "() { return ok(); }"
"public static Result method128" "() { return ok(); }"
"public static Result method129" "() { return ok(); }"
"public static Result method130" "() { return ok(); }"
"public static Result method131" "() { return ok(); }"
"public static Result method132" "() { return ok(); }"
"public static Result method133" "() { return ok(); }"
"public static Result method134" "() { return ok(); }"
"public static Result method135" "() { return ok(); }"
"public static Result method136" "() { return ok(); }"
"public static Result method137" "() { return ok(); }"
"public static Result method138" "() { return ok(); }"
"public static Result method139" "() { return ok(); }"
"public static Result method140" "() { return ok(); }"
"public static Result method141" "() { return ok(); }"
"public static Result method142" "() { return ok(); }"
"public static Result method143" "() { return ok(); }"
"public static Result method144" "() { return ok(); }"
"public static Result method145" "() { return ok(); }"
"public static Result method146" "() { return ok(); }"
"public static Result method147" "() { return ok(); }"
"public static Result method148" "() { return ok(); }"
"public static Result method149" "() { return ok(); }"
"public static Result method150" "() { return ok(); }"
"public static Result method151" "() { return ok(); }"
"public static Result method152" "() { return ok(); }"
"public static Result method153" "() { return ok(); }"
"public static Result method154" "() { return ok(); }"
"public static Result method155" "() { return ok(); }"
"public static Result method156" "() { return ok(); }"
"public static Result method157" "() { return ok(); }"
"public static Result method158" "() { return ok(); }"
"public static Result method159" "() { return ok(); }"
"public static Result method160" "() { return ok(); }"
"public static Result method161" "() { return ok(); }"
"public static Result method162" "() { return ok(); }"
"public static Result method163" "() { return ok(); }"
"public static Result method164" "() { return ok(); }"
"public static Result method165" "() { return ok(); }"
"public static Result method166" "() { return ok(); }"
"public static Result method167" "() { return ok(); }"
"public static Result method168" "() { return ok(); }"
"public static Result method169" "() { return ok(); }"
"public static Result method170" "() { return ok(); }"
"public static Result method171" "() { return ok(); }"
"public static Result method172" "() { return ok(); }"
"public static Result method173" "() { return ok(); }"
"public static Result method174" "() { return ok(); }"
"public static Result method175" "() { return ok(); }"
"public static Result method176" "() { return ok(); }"
"public static Result method177" "() { return ok(); }"
"public static Result method178" "() { return ok(); }"
"public static Result method179" "() { return ok(); }"
"public static Result method180" "() { return ok(); }"
"public static Result method181" "() { return ok(); }"
"public static Result method182" "() { return ok(); }"
"public static Result method183" "() { return ok(); }"
"public static Result method184" "() { return ok(); }"
"public static Result method185" "() { return ok(); }"
"public static Result method186" "() { return ok(); }"
"public static Result method187" "() { return ok(); }"
"public static Result method188" "() { return ok(); }"
"public static Result method189" "() { return ok(); }"
"public static Result method190" "() { return ok(); }"
"public static Result method191" "() { return ok(); }"
"public static Result method192" "() { return ok(); }"
"public static Result method193" "() { return ok(); }"
"public static Result method194" "() { return ok(); }"
"public static Result method195" "() { return ok(); }"
"public static Result method196" "() { return ok(); }"
"public static Result method197" "() { return ok(); }"
"public static Result method198" "() { return ok(); }"
"public static Result method199" "() { return ok(); }"
"public static Result method200" "() { return ok(); }"
"public static Result method201" "() { return ok(); }"
"public static Result method202" "() { return ok(); }"
"public static Result method203" "() { return ok(); }"
"public static Result method204" "() { return ok(); }"
"public static Result method205" "() { return ok(); }"
"public static Result method206" "() { return ok(); }"
"public static Result method207" "() { return ok(); }"
"public static Result method208" "() { return ok(); }"
"public static Result method209" "() { return ok(); }"
"public static Result method210" "() { return ok(); }"
"public static Result method211" "() { return ok(); }"
"public static Result method212" "() { return ok(); }"
"public static Result method213" "() { return ok(); }"
"public static Result method214" "() { return ok(); }"
"public static Result method215" "() { return ok(); }"
"public static Result method216" "() { return ok(); }"
"public static Result method217" "() { return ok(); }"
"public static Result method218" "() { return ok(); }"
"public static Result method219" "() { return ok(); }"
"public static Result method220" "() { return ok(); }"
"public static Result method221" "() { return ok(); }"
"public static Result method222" "() { return ok(); }"
"public static Result method223" "() { return ok(); }"
"public static Result method224" "() { return ok(); }"
"public static Result method225" "() { return ok(); }"
"public static Result method226" "() { return ok(); }"
"public static Result method227" "() { return ok(); }"
"public static Result method228" "() { return ok(); }"
"public static Result method229" "() { return ok(); }"
"public static Result method230" "() { return ok(); }"
"public static Result method231" "() { return ok(); }"
"public static Result method232" "() { return ok(); }"
"public static Result method233" "() { return ok(); }"
"public static Result method234" "() { return ok(); }"
"public static Result method235" "() { return ok(); }"
"public static Result method236" "() { return ok(); }"
"public static Result method237" "() { return ok(); }"
"public static Result method238" "() { return ok(); }"
"public static Result method239" "() { return ok(); }"
"public static Result method240" "() { return ok(); }"
"public static Result method241" "() { return ok(); }"
"public static Result method242" "() { return ok(); }"
"public static Result method243" "() { return ok(); }"
"public static Result method244" "() { return ok(); }"
"public static Result method245" "() { return ok(); }"
"public static Result method246" "() { return ok(); }"
"public static Result method247" "() { return ok(); }"
"public static Result method248" "() { return ok(); }"
"public static Result method249" "() { return ok(); }"
"public static Result method250" "() { return ok(); }"
"public static Result method251" "() { return ok(); }"
"public static Result method252" "() { return ok(); }"
"public static Result method253" "() { return ok(); }"
"public static Result method254" "() { return ok(); }"
"public static Result method255" "() { return ok(); }"
"public static Result method256" "() { return ok(); }"
"public static Result method257" "() { return ok(); }"
"public static Result method258" "() { return ok(); }"
"public static Result method259" "() { return ok(); }"
"public static Result method260" "() { return ok(); }"
"public static Result method261" "() { return ok(); }"
"public static Result method262" "() { return ok(); }"
"public static Result method263" "() { return ok(); }"
"public static Result method264" "() { return ok(); }"
"public static Result method265" "() { return ok(); }"
"public static Result method266" "() { return ok(); }"
"public static Result method267" "() { return ok(); }"
"public static Result method268" "() { return ok(); }"
"public static Result method269" "() { return ok(); }"
"public static Result method270" "() { return ok(); }"
"public static Result method271" "() { return ok(); }"
"public static Result method272" "() { return ok(); }"
"public static Result method273" "() { return ok(); }"
"public static Result method274" "() { return ok(); }"
"public static Result method275" "() { return ok(); }"
"public static Result method276" "() { return ok(); }"
"public static Result method277" "() { return ok(); }"
"public static Result method278" "() { return ok(); }"
"public static Result method279" "() { return ok(); }"
"public static Result method280" "() { return ok(); }"
"public static Result method281" "() { return ok(); }"
"public static Result method282" "() { return ok(); }"
"public static Result method283" "() { return ok(); }"
"public static Result method284" "() { return ok(); }"
"public static Result method285" "() { return ok(); }"
"public static Result method286" "() { return ok(); }"
"public static Result method287" "() { return ok(); }"
"public static Result method288" "() { return ok(); }"
"public static Result method289" "() { return ok(); }"
"public static Result method290" "() { return ok(); }"
"public static Result method291" "() { return ok(); }"
"public static Result method292" "() { return ok(); }"
"public static Result method293" "() { return ok(); }"
"public static Result method294" "() { return ok(); }"
"public static Result method295" "() { return ok(); }"
"public static Result method296" "() { return ok(); }"
"public static Result method297" "() { return ok(); }"
"public static Result method298" "() { return ok(); }"
"public static Result method299" "() { return ok(); }"
"public static Result method300" "() { return ok(); }"
"public static Result method301" "() { return ok(); }"
"public static Result method302" "() { return ok(); }"
"public static Result method303" "() { return ok(); }"
"public static Result method304" "() { return ok(); }"
"public static Result method305" "() { return ok(); }"
"public static Result method306" "() { return ok(); }"
"public static Result method307" "() { return ok(); }"
"public static Result method308" "() { return ok(); }"
"public static Result method309" "() { return ok(); }"
"public static Result method310" "() { return ok(); }"
"public static Result method311" "() { return ok(); }"
"public static Result method312" "() { return ok(); }"
"public static Result method313" "() { return ok(); }"
"public static Result method314" "() { return ok(); }"
"public static Result method315" "() { return ok(); }"
"public static Result method316" "() { return ok(); }"
"public static Result method317" "() { return ok(); }"
"public static Result method318" "() { return ok(); }"
"public static Result method319" "() { return ok(); }"
"public static Result method320" "() { return ok(); }"
"public static Result method321" "() { return ok(); }"
"public static Result method322" "() { return ok(); }"
"public static Result method323" "() { return ok(); }"
"public static Result method324" "() { return ok(); }"
"public static Result method325" "() { return ok(); }"
"public static Result method326" "() { return ok(); }"
"public static Result method327" "() { return ok(); }"
"public static Result method328" "() { return ok(); }"
"public static Result method329" "() { return ok(); }"
"public static Result method330" "() { return ok(); }"
"public static Result method331" "() { return ok(); }"
"public static Result method332" "() { return ok(); }"
"public static Result method333" "() { return ok(); }"
"public static Result method334" "() { return ok(); }"
"public static Result method335" "() { return ok(); }"
"public static Result method336" "() { return ok(); }"
"public static Result method337" "() { return ok(); }"
"public static Result method338" "() { return ok(); }"
"public static Result method339" "() { return ok(); }"
"public static Result method340" "() { return ok(); }"
"public static Result method341" "() { return ok(); }"
"public static Result method342" "() { return ok(); }"
"public static Result method343" "() { return ok(); }"
"public static Result method344" "() { return ok(); }"
"public static Result method345" "() { return ok(); }"
"public static Result method346" "() { return ok(); }"
"public static Result method347" "() { return ok(); }"
"public static Result method348" "() { return ok(); }"
"public static Result method349" "() { return ok(); }"
"public static Result method350" "() { return ok(); }"
"public static Result method351" "() { return ok(); }"
"public static Result method352" "() { return ok(); }"
"public static Result method353" "() { return ok(); }"
"public static Result method354" "() { return ok(); }"
"public static Result method355" "() { return ok(); }"
"public static Result method356" "() { return ok(); }"
"public static Result method357" "() { return ok(); }"
"public static Result method358" "() { return ok(); }"
"public static Result method359" "() { return ok(); }"
"public static Result method360" "() { return ok(); }"
"public static Result method361" "() { return ok(); }"
"public static Result method362" "() { return ok(); }"
"public static Result method363" "() { return ok(); }"
"public static Result method364" "() { return ok(); }"
"public static Result method365" "() { return ok(); }"
"public static Result method366" "() { return ok(); }"
"public static Result method367" "() { return ok(); }"
"public static Result method368" "() { return ok(); }"
"public static Result method369" "() { return ok(); }"
"public static Result method370" "() { return ok(); }"
"public static Result method371" "() { return ok(); }"
"public static Result method372" "() { return ok(); }"
"public static Result method373" "() { return ok(); }"
"public static Result method374" "() { return ok(); }"
"public static Result method375" "() { return ok(); }"
"public static Result method376" "() { return ok(); }"
"public static Result method377" "() { return ok(); }"
"public static Result method378" "() { return ok(); }"
"public static Result method379" "() { return ok(); }"
"public static Result method380" "() { return ok(); }"
"public static Result method381" "() { return ok(); }"
"public static Result method382" "() { return ok(); }"
"public static Result method383" "() { return ok(); }"
"public static Result method384" "() { return ok(); }"
"public static Result method385" "() { return ok(); }"
"public static Result method386" "() { return ok(); }"
"public static Result method387" "() { return ok(); }"
"public static Result method388" "() { return ok(); }"
"public static Result method389" "() { return ok(); }"
"public static Result method390" "() { return ok(); }"
"public static Result method391" "() { return ok(); }"
"public static Result method392" "() { return ok(); }"
"public static Result method393" "() { return ok(); }"
"public static Result method394" "() { return ok(); }"
"public static Result method395" "() { return ok(); }"
"public static Result method396" "() { return ok(); }"
"public static Result method397" "() { return ok(); }"
"public static Result method398" "() { return ok(); }"
"public static Result method399" "() { return ok(); }"
"public static Result method400" "() { return ok(); }"
"public static Result method401" "() { return ok(); }"
"public static Result method402" "() { return ok(); }"
"public static Result method403" "() { return ok(); }"
"public static Result method404" "() { return ok(); }"
"public static Result method405" "() { return ok(); }"
"public static Result method406" "() { return ok(); }"
"public static Result method407" "() { return ok(); }"
"public static Result method408" "() { return ok(); }"
"public static Result method409" "() { return ok(); }"
"public static Result method410" "() { return ok(); }"
"public static Result method411" "() { return ok(); }"
"public static Result method412" "() { return ok(); }"
"public static Result method413" "() { return ok(); }"
"public static Result method414" "() { return ok(); }"
"public static Result method415" "() { return ok(); }"
"public static Result method416" "() { return ok(); }"
"public static Result method417" "() { return ok(); }"
"public static Result method418" "() { return ok(); }"
"public static Result method419" "() { return ok(); }"
"public static Result method420" "() { return ok(); }"
"public static Result method421" "() { return ok(); }"
"public static Result method422" "() { return ok(); }"
"public static Result method423" "() { return ok(); }"
"public static Result method424" "() { return ok(); }"
"public static Result method425" "() { return ok(); }"
"public static Result method426" "() { return ok(); }"
"public static Result method427" "() { return ok(); }"
"public static Result method428" "() { return ok(); }"
"public static Result method429" "() { return ok(); }"
"public static Result method430" "() { return ok(); }"
"public static Result method431" "() { return ok(); }"
"public static Result method432" "() { return ok(); }"
"public static Result method433" "() { return ok(); }"
"public static Result method434" "() { return ok(); }"
"public static Result method435" "() { return ok(); }"
"public static Result method436" "() { return ok(); }"
"public static Result method437" "() { return ok(); }"
"public static Result method438" "() { return ok(); }"
"public static Result method439" "() { return ok(); }"
"public static Result method440" "() { return ok(); }"
"public static Result method441" "() { return ok(); }"
"public static Result method442" "() { return ok(); }"
"public static Result method443" "() { return ok(); }"
"public static Result method444" "() { return ok(); }"
"public static Result method445" "() { return ok(); }"
"public static Result method446" "() { return ok(); }"
"public static Result method447" "() { return ok(); }"
"public static Result method448" "() { return ok(); }"
"public static Result method449" "() { return ok(); }"
"public static Result method450" "() { return ok(); }"
"public static Result method451" "() { return ok(); }"
"public static Result method452" "() { return ok(); }"
"public static Result method453" "() { return ok(); }"
"public static Result method454" "() { return ok(); }"
"public static Result method455" "() { return ok(); }"
"public static Result method456" "() { return ok(); }"
"public static Result method457" "() { return ok(); }"
"public static Result method458" "() { return ok(); }"
"public static Result method459" "() { return ok(); }"
"public static Result method460" "() { return ok(); }"
"public static Result method461" "() { return ok(); }"
"public static Result method462" "() { return ok(); }"
"public static Result method463" "() { return ok(); }"
"public static Result method464" "() { return ok(); }"
"public static Result method465" "() { return ok(); }"
"public static Result method466" "() { return ok(); }"
"public static Result method467" "() { return ok(); }"
"public static Result method468" "() { return ok(); }"
"public static Result method469" "() { return ok(); }"
"public static Result method470" "() { return ok(); }"
"public static Result method471" "() { return ok(); }"
"public static Result method472" "() { return ok(); }"
"public static Result method473" "() { return ok(); }"
"public static Result method474" "() { return ok(); }"
"public static Result method475" "() { return ok(); }"
"public static Result method476" "() { return ok(); }"
"public static Result method477" "() { return ok(); }"
"public static Result method478" "() { return ok(); }"
"public static Result method479" "() { return ok(); }"
"public static Result method480" "() { return ok(); }"
"public static Result method481" "() { return ok(); }"
"public static Result method482" "() { return ok(); }"
"public static Result method483" "() { return ok(); }"
"public static Result method484" "() { return ok(); }"
"public static Result method485" "() { return ok(); }"
"public static Result method486" "() { return ok(); }"
"public static Result method487" "() { return ok(); }"
"public static Result method488" "() { return ok(); }"
"public static Result method489" "() { return ok(); }"
"public static Result method490" "() { return ok(); }"
"public static Result method491" "() { return ok(); }"
"public static Result method492" "() { return ok(); }"
"public static Result method493" "() { return ok(); }"
"public static Result method494" "() { return ok(); }"
"public static Result method495" "() { return ok(); }"
"public static Result method496" "() { return ok(); }"
"public static Result method497" "() { return ok(); }"
"public static Result method498" "() { return ok(); }"
"public static Result method499" "() { return ok(); }"
"public static Result method500" "() { return ok(); }"
